Composante1,Composante2,Composante3
-0.8009074850477409,-0.1085429893120288,0.6484828305994942
