Composante1,Composante2,Composante3
0.6546568797808445,-0.8368769453759729,-1.083469746171004
