Composante1,Composante2,Composante3
-3.366326275405565,-1.9567939319287515,0.1859182885881221
